Week 1,,Week 2,,Week 3,,Week 4,,Week 5,,Week 6,,PT1 Review,
Introduction to Diabetes Physiology Pathophysiology,TRUE,Clinical Presentation and Evaluation of Hypothyroidism and Thyrotoxicosis,TRUE,Clinical Presentation and Evaluation of Adrenal Gland Disease,TRUE,Abortion in Canada,TRUE,Hysterectomy Approaches,TRUE,Approach to the Small Fetus,TRUE,Hippo Qs ,TRUE
Diagnosis and Management of Type 1 Diabetes in Children and Adolescents,TRUE,Thyroid Gland Pathology,TRUE,Physiologic Changes that Lead to Puberty,TRUE,Contraception,TRUE,Dilation and Curettage,TRUE,Antepartum Hemorrhage/Abnormal Placentation,TRUE,50 Week 1,TRUE
Pharmacology of Insulin,TRUE,Clinical Presentation and Evaluation of Hyperparathyroidism and Hypoparathyroidism,TRUE,Clinical Presentation and Evaluation of Pituitary Gland Disease,TRUE,Drugs Used in Gynecology,TRUE,Post-menopausal Woman Presenting with Bleeding,TRUE,Approach to Preterm Labour,TRUE,50 Week 2,FALSE
Clinically Useful Endocrine Principles,TRUE,Embryology/Histology,TRUE,Anatomy of the Assigned Female Pelvis & Perineum & Sexual Function,TRUE,Fertilization & Infertility,TRUE,Approach to and Pathology of a Pelvic Mass,TRUE,Hemorrhagic Shock,TRUE,50 Week 3,FALSE
Acute (HHS DKA) and Chronic Complications of Diabetes,TRUE,Clinical Presentation and Evaluation of Osteoporosis,TRUE,Disorders of Growth,TRUE,Public Health and STIs,TRUE,Clinical Approach to Menopause,TRUE,Process of Labour and Birth,TRUE,50 Week 4,FALSE
Type 2 Diabetes Mellitus - Diagnosis and Epidemiology,TRUE,Overview of Metabolic Bone Disease,TRUE,Disorders of Puberty,TRUE,Vaginal Discharge,TRUE,Pathology of the Breast,TRUE,Abnormal Labour,TRUE,50 Week 5 ,FALSE
Pharmacology of Glucose-Lowering Drugs,TRUE,Approach to the Menstrual Cycle,TRUE,Introduction to Transgender Medicine,TRUE,Approach to Sexually Transmitted Infection,TRUE,Approach to Common Breast Problems,TRUE,Lactation,TRUE,50 Week 6,FALSE
Glycemic Goals of Care in Adults with Diabetes,TRUE,Hypothalamic-Pituitary-Gonadal Axis,TRUE,Development of the Female Reproductive System,TRUE,Cervical Cancer Screening,TRUE,OB Care Providers,TRUE,Postpartum Care,TRUE,,
Can we Prevent Type 2 Diabetes?,TRUE,Testicular and Ovarian Function,TRUE,Disorders of Sexual Differentiation,TRUE,Early Pregnancy Complications: Spontaneous Abortion and Ectopic Pregnancy,TRUE,Teratogenesis,TRUE,Approach to Neonatal Care,TRUE,,
Prevention of Complications of Diabetes,TRUE,,,Polyendocrine Metabolic Ovarian Syndrome (PMOS),TRUE,Review Menstrual Cycle module from Endo Block,TRUE,Approach to First Trimester Bleeding/Ultrasound,TRUE,,,,
Pregnancy and Diabetes,TRUE,,,,,Endometriosis,TRUE,Pathology of First Trimester Bleeding,TRUE,,,,
Drugs affecting Calcium Homeostasis,TRUE,,,,,Clinical Approach to Acute Pelvic Pain,TRUE,Second Trimester Ultrasound,TRUE,,,,
Thyroid and Parathyroid Gland Physiology,TRUE,,,,,Abnormal Uterine Bleeding,TRUE,Topics of Antenatal Care,TRUE,,,,
Introduction to Obesity,TRUE,,,,,Clinical Approach to Chronic Pelvic Pain,TRUE,Hypertension ,TRUE,,,,
,,,,,,Approach to Pathology of AUB & Pelvic Pain,TRUE,Care in First Trimerster,TRUE,,,,
,,,,,,Vulvar lesions and vulvar cancer,TRUE,Sexual health,TRUE,,,,
,,,,,,Genetic Screening for Pregnancy in Canada,TRUE,,,,,,
,,,,,,,,,,,,,
,,,,,,,,,,,,,
Week 1 Progress: ,,Week 2 Progress: ,,,,,,,,,,,
14,/14,9,/9,10,/10,17,/17,,,,,,
,,,,,,,,,,,,,
,,,,,,,,,,,,,
,,,,,,,,,,Modules Left,,,
,,,,,,,,,,0,,,